Name,GitHub User
Sam Aaron,
Marshall Abrams,mars0i
Earle Acosta,eacosta
William Acton,Lokeh
Ricardo J. Acuna,drakezhard
David Adair,adairdavid
Brandon J Adams,emidLn
Bruce Adams,bruceadams
Mark Addleman,markaddleman
Matthew Adereth,adereth
Rohit Aggarwal,ducky427
Ivan Alberto Perdomo Aguilar,iperdomo
Gunnar Ahlberg,
Trent Albright,talbright
Aleksandr,sherpc
J. Alex,alexkyllo
Neill Alexander,
James Aley,jaley
Ruslan Al-Fakikh,metaruslan
Sean Allen,
Zachary Allaun,zachallaun
Jennifer Alons,jenniferalons
alejandro Alvarado,Aljendro
Raphaël Amìard,raph-amiard
Nada Amin,Namin
Vipul Amler,vipulnsward
Lawrence An,lambda-alpha-omega
Andre Luis Anastacio,ndrluis
Harold Ancell,hga
Craig Andera,
Jeremy Anderson,punkisdead
Matt Anderson,manderson202
Mike Anderson,mikera
Timothy Andrew,timothyandrew
Christopher Michael Andrews,Chris-Andrews
Nguyen Tuan Anh,ubolonton
Takashi Aoki,federkasten
Nicholas Antonov,nicholasantonov
Teemu Antti-Poika,anttipoi
Fredrik Appelberg,
Jeremy Apthorp,nornagon
Aleksandr Argunov,troglotit
Joshua Arnold,
Juha Arpiainen,
Steve Ashton,sashton
Brenton Ashworth,
Erik Assum,slipset
Philip Aston,"phiipa, philipa"
Atamert,muhuk
Aditya Athalye,adityaathalye
Thomas Athorne,thomasathorne
Aleh Atsman,atsman
Charlton G. Austin,charlton.austin
Nate Austin,
Aggelos Avgerinos,eavgerinos
Avicenna,mavbozo
Avichal,avichalp
Francis Avilla,favilla
Santhos Baala RS,santhosballa
Ivan Babanin,babanin
Josep M. Bach,txus
Ben Bader,benjamin-bader
Nandan Bagchee,
Eric Bailey,yurrriq
Nick Bailey,nickmbailey
Andrew Baine,
Benjamin Baker-Smith,bbakersmith
Timothy Baldridge,halgari
Plinio M. Balduino,pbalduino
Scott Bale,scottbale
Donald Ball,dball
Joshua Ballanco,jballanc
Michael Ballantyne,michaelballantyne
Justin Balthrop,
Ashish Banerjee,innomon
Alex Baranosky,abaranosky
Rafal Baranowicz,kmicu
Guy Barlow,rockbreaker
Max Barnash,arr-ee
Julio Barnes,
Luca Barozzi,icamts
Cameron Barre,cjbarre
Leon Barrett,leon-barrett
Tiago Barreto,tiagobarreto
Julio Barros,
Paul Barry,
Jake Basile,jakerbasile
Bozhidar Batsov,bbatsov
Paul Batum,
Paul Bauer,
Jochen Bedersdorfer,beders
Bradley Beck,bradbeck
Ulrich Becker,kassapo
Aaron Bedra,
Rick Beerendonk,rickbeerendonk
Mikita Belahlazau,nbeloglazov
Simon Belak,sbelak
Daniel Bell,invaliduser
Adrian Bendel,abp
Aspasia Beneti,aspasia
Sebastian Bensusan,bensu
Jonah Benton,jonahbenton
Nicolas Berger,nberger
Julio Berina,julioberina
Paul Bernard,
Trevor Bernard,trevorbernard
Fabio Bernasconi,instilled
Francois Bernier,fbernier
Alec Berryman,
Hitesh Bhagchandani,hit023
Chris Johnson Bidler,hlprmnky
Bijoy,bijoyv
Aysylu Biktimirova,aysylu
Chris Bilson,cbilson
Sifou Biri,bsifou
Darrell Bishop,
Ian Bishop,ianbishop
Jordan Bisserkov,biserkov
Raju Bitter,raju-bitter
Matias Bjarland,mbjarland
Terje Sten Bjerkseth,Terjesb
Matthew Blair,mblair
Martin Blais,
Armando Blancas,
Austin Blatt,austb
Milan Blazek,skallet
John C Bledsoe,jcbledsoe
Donald Bleyl,dbleyl
Laurens BLoemen,TGThorax
Chris Blom,ChrisBlom
Jim Blomo,jblomo
Brandon Bloom,brandonbloom
Nils Blum-Oeste,nblumoe
Michael Blume,MichaelBlume
Christian Blunden,christianblunden
Marshall T. Bockrath-Vandegrift,llasram
Stefan Bodewig,bodewig
Friedrich Boeckh,fbmnds
Joel Boehland,jolby
Vladimir Bokov,razum2um
Sven Boekhoff,sboekhoff
Robin Bate Boerop,robinbb
Kovas Boguta,kovasb
Andrei Boltachev,andrewboltachev
Ambrose Bonnaire-Sergeant,frenchy64
Jeremy Bondeson,
Rinu Boney,rinuboney
Kuldeep Bora,kul
Renzo Borgatti,reborg
Leonardo Borges,leonafdoborges
Michiel Borkent,borkdude
Berend Adam Bos,benbos67
Jonathan Boston,bostonou
Matthew Boston,bostonaholic
Ed Bowler,
Brad Bowman,
Curtis Bowman,narwally
Michael Bradley,michaelsbradleyjr
Lucas Bradstreet,lbradstreet
Stephen D. Brady,stephenbrady
Meikel Brandmeyer,"mb, mikesh"
Joshua Brandoff,EmergentBehavior
Jamie Brandon,Jamii
Arne Brasseur,plexus
Pieter Willem Abram Breed,pieterbreed
Andrew Brehaut,
Miron Brezuleanu,
Lance Bradley,
Andreas Brenk,
Benjamin Brinckerhoff,bhb
Simon Brooke,simon-brooke
Aaron Brooks,abrooks
Timothy Brooks,tbrooks8
Christopher Brown,chbrown
Rob Browning,rlbdv
Vince Broz,apiology
Craig Brozefsky,craigbrozefsky/craigbro
Federico Brubacher,
Michael Bruce,michaelbruce
Nicolas Brugneaux,nicolasbrugneaux
Kendall Buchanan,kendagriff
Logan Buckley,loganmhb
Peter Buckley,
Timothy P. Buckley,timbuckley
Nicolas Buduroi,
Bogdan Bugarschi,boogie666
Jan-Paul Bultmann,ticking
Matt Burbridge,mmb90
David Burgin,glts
Alex Burka,durka
Christopher Burke,caburke
Daniel R. Burton,danburton
Kyle Burton,
Carlos Antonio Neira Bustos,cneira
Paul Butcher,paulbutcher
Dylan C. Butman,pleasetrythisathome
Fergal Byrne,fergalbyrne
Myles Byrne,quackingduck
David Cabana,drcabana
Stephan Cagle,
Bobby Calderwood,
Oliver Caldwell,Olical
Ricardo Martinez Calvo,rack don
Bahadir Cambel,bcambel
Lance Campbell,lkcampbell
Stuart Campbell,harto
Renzo Italo Canepa Garay,rcanepa
Vincent Cantin,green-coder
James Carnegie,kipzter
Christopher W. Carpenter,mordocai
Brian Carper,briancarper
Kevin Casey,kevinjamescasey
James Cash,jamesnrc
Eric Caspary,ERR
Andrew Cavallaro,andrewcavallaro
Enzzo Cavallo,souenzzo
Marcus Cavanaugh,
Bruno Kim Medeiros Cesar,Brumokim
Andy Chambers,cddr
Austin Chamberlin,AustinC
David Chelimsky,dchelimsky
Jonathan Chen,dijonkitchen
Xi Chen,zacharymorn
Dustin Cheng,DustinCheng
Kirill Chernyshov,DeLaGuardo
Prasant Chidella,prasant94
John Chijioke,johnbendi
Beura (Trey) A Childs III,treychilds
Alex Chin,
Burin Choomnuan,agilecreativity
Antoine Choppin,japonophile
Eric Christensen,ecounysis
Russell Christopher,russellc
Nicholas Chubrich,nchubrich
Michael O. Church,michaelochurch
Jonathan Claggett,
Matt Clark,
Casper Clausen,casperc
Martin Albert Clausen,maacl
Adam Clements,AdamClements
Tim Clemons,timclemons
Tobias Daniek Clemson,tobyclemson
Troy Clevenger,dethstryke
Salvador Cobian,salcobian
Christopher Codrington,
Aaron Cohen,
Ronen Cohen,nenorbot
Will Cohen,willcohen
Mike Coleman,
Drew Colthorp,
Josh Comer,jjcomer
Stephen Compall,S11001001
Daniel Compton,danielcompton
Eno Compton,enocom
Justin Conklin,jgpc42
Thomas Connors,tomconnors
James Conroy-Finn,jcf
Juan José Conti,jjconti
Ben Cook,blx
Mary Rose Cook,maryrosecook
Brian L. Cooley,blcooley
Kyle Cordes,
Roger Corman,
Sean Corfield,
Giacomo Cosenza,magomimmo
Mark Countryman,
Jason Courcoux,jasoncourcoux
Matthew Courtney,macourtney
Alex Coventry,
Aaron Craelius,aaronc
Thomas Crayford,tcrayford
Tobias Crawley,tobias
Dennis Crenshaw,
Jim Crossley,jcrossley3
Andrea Crotti,AndreaCrotti
Aaron Crow,
Robert Culliton,rcullito
Adrian Cumiskey,lambdachops
Paulo Cesar Cuneo,paulocesarcuneo
Arlen Christian Mart Cuss,unnali
Artur Cygan,arcz
Terje Dahl,terjedahl
Ragner Dahlen,ragnard
Michael S. Daines,defndaines
Wilder Lucio da Silva,wilkerlucio
Tom Danielsen,
Robert Danitz,rdanitz
Nathan Dao,nathandao
Joshua Davey,jdavey
Matthew Davidson,kingMob
Gareth Davies,Taffowl
Charles M. Davis,mdavis-liaison
Brian Dawn,brian-dawn
Marc Nevin Daya,sinstral
Daniel De Aguiar,ddeaguiar
Luis Guilherme P. de Almeida,luiguip
Gary Leroy Deer,gdeer81
Paul deGrandis,
Steven Degutis,sdegutis
David Della Costa,ddellacosta
Ryan De La Torre,rdgelato
Mike DeLaurentis,
John Louis Del Rosario,john2x
Santiago de Pedro,xerp
Vincent De Munckm,vincent-dm
Lake Denman,ldenman
Steven Deobald,deobald
Mark Derricutt,
Cameron Desautels,camdez
Francois De Serres,justiniac
Adityo Deshmukh,
Gurudev Devanla,gdevanla
Sean Devlin,
Pepijn de Vos,
Sacha De Vos,cark
Jonas De Vuyst,jdevuyst
Suminda Sirinath Salpitikorala Dharmasena,sirinath
Dhruv,dhruvp
Pietro Francesco Menna Ruiz Diaz,pietromenna
Steffen Dienst,smee
Aaron Diep,hddmet
Jeffrey Dik,
Daniel Dillinger,ddillinger
Tejas Dinkar,gja
Daniel Dinnyes,dadinn
Alan Dipert,
Jon Distad,
Alex Dixon,alex-dixon
Gal Dolber,galdolber
Andrew Dolby,adolby
Jose Donizetti de Brito Junior,josedonizetti
Daniel Dorman,dandorman
Paul Dorman,PntBlnk
Mike Douglas,fanatico
Alex Dowad,alexdowad
Kevin Downey,hiredman
John Downs,munk
Brian Doyle,heyzeus23
Chris Drane,csdrane
Reid Draper,reiddraper
Benjamin Dreux,benzen
Martynas Drobulis,mdrobulis
Michael Drogalis,
Michael du Breuil,wickedshell
Eugen Dück,
Jim Duey,
Charles Duffy,
Ionut Florin Duma,ahito89
Hugo Duncan,
Justin Michael Duncan,justind85
James Michael Dupont,h4ck3rm1k3
Baptiste Dupuch,dupuchba
Eudis Duran,eudisd
Holger Dürer,h.duerer
Bruce L. Durling,otfrom
Pieter du Toit,symfrog
Samuel Duursma,sdduursma
Venkata Deepankar Duvvuru,dvdreddy
Vijaya Kiran Duvvuri,vijaykiran
Eric Dvorsak,yenda
Mieczyslaw Daniel Dyba,dyba
Tim Dysinger,
Arthur Edelstein,arthuredelstein
Lukas Eder,lukaseder
Vijay Edwin,vxe
Miles Egan,
Christian Egli,egli
Bobby Eickhoff,beickhoff
Oliver Eidel,olieidel
J. David Eisenberg,jdeisenburg
Bonnie Eisenman,boniee
Magnus Ekstrand,
Oussama el Arbaoui,oussamaelarbaoui
Trevis Elser,telser
Julien Eluard,jeluard
Jacob Emcken,jacobemcken
Chas Emerick,cemerick
Chris Emerson,functionalhuman
Alex Engelberg,aengleberg
Mark Engelberg,puzzler
Jeff Engebretsen,JeffEngebretsen
Jamie English,english
Jonas Enlund,jonase
Ilya Epifanor,hajile
Balint Erdi,balint
Janos Erdos,erdos
Petter Eriksson,petterik
Robert Ernst,BobErnst
Samuel G. Estep,samestep
Paulus Esterhazy,pesterhazy
Daniel Estevez,danielef
Ian Eure,ieure
Adam Eury,aleury
Kenny Evitt,kenny-evitt
Robert Ewald,robewald
Tim Ewald,
Robert C. Faber,bubskee
Juan Martin Munoz Facorro,jfacorro
Joseph Fahey,josf
Frank Failla,
Liam Falconer,lfn3
Bruce Fancher,
Julien Fantin,julienfantin
Matthew Farrell,farrellm
William K Farrell,wkf
Ian Fernandez,ianffcs
Fabrizio Ferrai,ff-
Tom Faulhaber,
Graham Fawcett,gmfawcett
Benedek Fazekas,benedekfazekas
Faraz Fazli,farazfazli
Edipo Luis Fedele,edipofederle
Mark Feeney,overthink
Jason Felice,eraserhd
Osbert Feng,osbert
Fabrizio Ferrai,ff-
Abe Fettig,abram
Adam Feuer,
Jeremy Field,jdf-id-au
Mike Fikes,mfikes
Hildeberto Mendonca Filho,htmfilho
Andy Fingerhut,
Aaron Fischer,f00886
Vincent Fitzgerald,esdoppio
Nathaniel Flath,
avi Flax,aviflax
Colin Fleming,cmf
Josh Fleming,joshvfleming
Angus Fletcher,angusiguess
Benoit Fleury,benfle
Dirk Focken,timtellos
Eric Fode,ericfode
Michael Fogleman,mwfogleman
Michael Fogus,fogus
Vincent Foley-Bourgon,gnuvince
Anton Fonarev,avfonarev
Remi Forax,forax
Christopher Ford,ctford
Alan Forrester,alanforr
Jared Fosyth,jaredly
Joshua Foster,jhawk28
Ryan Fowler,ryfow
Peter Fraenel,pnf
Matthew Frazier,leafstorm
Gary Fredericks,fredericksgary
Mark Fredrickson,
Michael Frericks,frericksm
David Frese,dfrese
Adam Frey,adamfrey
Chris Frisz,cjfrisz
Hiroyuki Fudaba,delihiros
Keisuke Fukuda,keisukefukuda
Tayssir John Gabbour,
Eldar Gabdullin,eldargab
Artur Gadelshin,pondohva
Anthony Gaetani,tonygaetani
Anthony Galea,anthonygalea
Joseph Gallo,
Sebastian Galkin,
Julian Gamble,juliangamble
Peter Garbers,petergarbers
Timothy Gardner,timsgardner
Devin Garner,speige
Dimitry Gashinsky,digash
James Gatannah,JIMRTHY
Prajjwol Gautham,prajjwol
Jon Gauthier,hans
Mathieu Gauthron,matlux
Alex Gavrisco,Alexx-G
Paula Gearon,quoll
Unnikrishnan Geethagovindan,krish8664
Justin Gehtland,jgehtland
Maria Geller,mneise
Marc Sabates Gelpi,marc-sabates-gelpi
Christopher Genovese,
Fred George,
Daniel Gerigk,danielgerigk
Robert Gersak,kovacnica
Dustin Getz,dustingetz
Dirk Geurs,dirklectisch
Baishampayan Ghose,ghoseb
Sam Gibson,samfoo
Luca Gilardi,lucag
Stephen C. Gilardi,scgilardi
Timothy Gilbert,timgilbert
Matthew Gilliard,mjg123
Julian Gindi,juliangindi]
Esteban Ginez,eginez
Kylo Ginsberg,kylog
Mark Giovanetti,philip-doctor
Davide Giovannini,davideGiovannini
Logan Girard,LoganGirard
Petr Gladkikh,PetrGlad
Michael Glaesemann,grzm
Daniel Glauser,danielglauser
Joergen Gmeiner,spamless_j
Oliver Peter George,olivergeorge
Nikolas Göbel,comnik
G. Goet,eval
Jochen Görtler,grtlr
Sophia Gold,Sophia-Gold
Vojimir Golem,vojkog
Buck Goleman,bukzor
Devender Gollapally,devender
Patrick Gombert,patrickgombert
Alejandro Gomez,alejandrogomez
Jose Gomex,feute
Jose Gomez,k13gomez
Roman Gonzalez,roman
Sidmant Gooiwala,
Heow Goodman,
Christopher Mark Gore,cgore
Brian Goslinga,
Jake Goulding,shepmaster
Irakli Gozhlishvili,Gozalh
Josip Gracin,jgracin
Christophe Gragnic,Grahack
Christophe Grand,grand
Christopher Granger,ibdknox
Leon Grapenthin,lgrapenthin
Chris Gray,chrismgray
Nahuel Greco,nahuel
David Greenberg,
Brian Gregg,baritonehands
Daniel L. Gregoire,semperos
Matjaz Gregoric,mtyaka
Josh Greenwood,joshtgreenwood
Leonard Grey,speednoisemovement
Charlie Griefer,
Tim Griesser,tgriesser
Dave Griffith,
Joshua B. Griffith,hadronzoo
David Griffiths,
Michael J. Griffiths,cichli
Dan Griffin,danjpgriffin
Daniel Grijuela,dgrijuela
Anthony Grimes,raynes
Ivan Grishaev,igrishaev
Jeremie Grodziski,jgrodziski
Lucas Groenendaal,lag13
Lynn Grogan,lynngrogan
Dmitry Groshev,si14
Ewen Grosjean,ewenG
Sean Grove,sgrove
Charles Gruenwald,charlesg3
Casey J. Guenthner,cguenthner
Thad Guidry Sr.,thadguidry
Alexander Read Gunnarson,alexandergunnarson
Chen Guo,chenguo
Mikhail Gusarov,dottedmag
Gordon Gustafson,GordonGustafson
Andrew Gwozdziewycz,
Akos Gyimesi,gyim
Austin Haas,austinhaas
Dany Haddad,dmh43
Phil Hagelberg,technomancy
Brent Hagany,bhagany
Faiz Halde,fhalde
Scott Haleen,scotthaleen
Stuart Halloway,
Peter Hanak,hanakpet
Manish Handa,hmanish
Marko Hantula,mhantula
Makota Hashimoto,tokomakoma123
Gregory M. Haskins,ghaskins
Elana Hashman,ehashman
Bruce Hauman,bhauman
Matthew Havener,matthavener
Robin Heggelund Hansen,Skinney
Frank Herrmann,4gh
Vincent Heuken,vheuken
Elliot Hanser,eah13
Michael Hanson,mybuddymichael
Mikko Harju,taiste
Gregory Harman,
Brandon Harper,devnalled
Martin Harrigan,harrigan
Kurt Harriger,kurtharriger
Chad Harrington,
Michael Harrison,
Brandon Harvey,
Benjamin Haskell,benizi
Colin Hastie,Chastie
Tobias Hauth,toloh
Lukas Havemann,LukasHavemann
Justin Haynes,jhaynes
Ryan Haywood,lsdafjklsd
Joshua Headapohl,joshhead
JR Heard,jrheard
Thomas Heller,THHeller
Immo Heikkinen,immoh
Jeremy Heiler,jeremyheiler
Ryan Heimbuch,rheimbuch
Eero Helenius,eerohele
James Henderson,james-henderson
Sebastian Hennebrueder,laliluna
Brandon Henry,bhenry
Jonathon Henry,oahner
Gerrit Hentschel,gerrit-hntschl
Jean-Francois Heon,JeffHeon
Mark Hepburn,markhepburn
Robin Hermansson,krherm
Brendan Hickey,
Tom Hickey,
Carl Hicks,hicksca
Tom Hicks,
Antonin Hildebrand,darwin
Adam Hill,adamhill
Colin P. Hill,malnormalulo
Bridget Hillyer,
Mike Hinchey,hincheymg
Matthew Hinman,
Konrad Hinsen,
Stuart Hinson,stuarth
Markus Hjort,mhjort
Tyler Hobbs,thobbs
Herwig Hochleitner,bendlas
Matt Hoffman,matthoffman
Travis Hoffman,
Barry Hoggard,bhoggard
Joel Holdbrooks,noprompt
Simon Holgate,
Justin Holguin,holguinj
Jakub Holy,
Shawn Hoover,shoovertime
Stephen Hopper,enragedginger
Rahul Hore,O-I
Tassilo Horn,tsdh
Gabriel Horner,cldwalker
Markus Hjort,mhjort
Joshua Horwitz,jdhorwitz
Jürgen Hötzel,
Chris Houser,chouser
Matt Hoyt,mrb0057
Takahiro Hozumi,
ZhiFeng Hu,netroby
Ziyang Hu,zh217
Raymond Huang,rymndhng
Peter Hudec,peterhudec
Matthew Huebert,mhuebert
Jeremy Hughes,jedahu
Richard Hull,rm-hull
Hunter Hutchinson,
Robert Hutchison,hutch
Peter Hultgren,
John D. Hume,duelin.markers
Chad Humphries,spicycode
Jasper Humphrey,
David James Humphreys,davidjameshumphreys
Brian Hurt,
Taha Husain,taha-husain
Robert Hutchison,hutch
Yiu Ming Huynh,ymh-engineering
Ales Huzik,alesguzik
Vladimir Iakovlev,nvbn
Regina Imhoff,StabbyMcDuck
Omer Iqbal,olenhad
Michael Israel,Mike3620
Todd Iverson,yardsale8
Michael Ivey,
Hubert Iwaniuk,neotyk
Nicholas Jacek,nickjacek
Donald Clark Jackson,dcj/likestream
Thomas Jack,tomoj
Edmund Jackson,ejackson
Jason Jackson,jasonjckn
Michael Joseph Jackson,occamin
David Jacobs,davejacobs
John Jacobsen,eigenhombre
David Jacot,dajac
George Jahad,
Mayank Jain,firesofmay
Ravindra R. Jaju,jaju
Blake Jakopovic,blakejakopovic
Tom Jakubowski,tomjakubowski
Asim Jalis,
David James,
Anders Janmyr,andersjanmyr
Daniel Janus,nathell
Piotr Jarzemski,kazuhiro
W. David Jarvis,venantius
Hitesh Jasani,hiteshjasani
Bodaniel Jeanes,bjeanes
Khalid Jebbari,DjebbZ
Adam P. Jenkins,ajenkinski
Brian Jenkins,bonkydog
Borge Andre Jensen,imborge
Sean Jensen-Grey,seanjensengrey
Hyeongmin Jeon,hmnjeon
Chris Jeris,BCcjeris
Chris K. Jester-Young,
Jason Jobe,
Christian Johansen,cjohansen
Allen Johnson,
Justin Chalres Johnson,justinjohnsonio
Ryan Johnson,bakeemawaytoys
Robert Johnson,RobertLJ
Isaac Johnston,superstructor
Jonathan Johnston,jdjohnston
Wilkes Joiner,wilkes
Colin Jones,
Gareth Jones,
Josh Jones,joshjones
Kevin Jones,kevin24by7
Kevin Ilchmann Jorgensen,kij
Dejan Josifovic,28
Tamas Jung,tamasjung
PENG Jun-hao,flaing
Eric Jutrzenka,burn-shave
Sivasubramanian K,mksiva
Colin Kahn,colinkahn
Arttu Kaipiainen,arttuka
Oliver Kaiser,undernorthernsky
Alain Kalker,ackalker
Steven Kallstrom,kallstrom
Clark Kampfe,ckampfe
Stefan Kamphausen,ska2342
John Kane,
Sahil Kang,SahilKang
Xuyang Kang,xuyangkang
Ikuru Leif Kanuma,iku000888
Maksim Karandashov,Norgat
Antti Karanta,akaranta
Yrjö Kari-Koskinen,ykarikos
Kiran Karkera,shark8me
Pratik Karki,prertik
Stefan Karlsson,zclj
Laurence Karnowski,
s. Karthikeyan,tirkarthi
Bart Kastermans,kasterma
Axel Katerbau,KaterMikesch
Simon Katz,
Martin Kavalar,mk
Rahul Kavale,rahulkavale
Christian Kebekus,
James A Keene,jamak
Peter Kehl,peter-kehl
Matt Keller,
Alexander Kellett,lypanov
Kevin L. Kelley,KevinKelley
Hunter Kelly,retnuh
Matthew Kennedy,lispnik
Robert J. Kennedy,arkdrag
Rett Kent,rettkent
Daniel Kersten,danielytics
Marat Khafizov,xafizoff
Oleksii Khomchenko,gagoman
Thomas Kidd,tomjkidd
George Kierstein,MissInterpret
Alexander Kiel,alexanderkiel
Patrick Killean,pkpkpk
Brian Kim,brainkim
Daniel Kim,danielrk
Eunmin Kim,eunmin
Jinseop Kim,vmfhrmfoaj
Zachary Kim,
Daniel Kimbel,Techowl
Adam King,aking
Alexander James King,alexanderjamesking
Tim King,kingtim
Tristan King,
Kyle Kingsbury,aphyr
Masanori Kinoshita,makinoshi
David Kinzer,dkinzer
Creighton Kirkendall,ckirkendall
Neil Kirsopp,cursork
Andy Kish,
Dom Kiva-Meyer,
Alan Bustos Kleiman,akleiman
Marius Kjeldahl,mariusk
Martin Klepsch,martinklepsch
Андрей Клещинский / Andrei Kleschinski,metametaclass
Michael Klishin,micharlklishin
Aravind K.n,arav93
Simon Knudsen,simonknudsen
Eduard Knyshov,edvorg
Georges KO,"gko, geko"
Kenichi Kobayashi,kencoba
Eric Kobrin,"erluko, ekobrin"
Stefan Kohler,brixtonasias
Christopher Kolodin,seako
Espen Amble Kolstad,
Yoshito Komatsu,ykomatsu
Dieter Komendera,kommen
Eugene Koontz,ekoontz
Chaitanya Sunil Koparkar,cskksc
Tobias Kortkamp,t6
Kimmo Koskinen,viesti
Miikka Koskinen,miikka
Cezary Kosko,cezarykosko
Eugene Kostenko,dek5
Imre Kószó,imrekoszo
Ben Kovitz,bkovitz
Jeffrey Kowalczyk,
Ivan Kozik,
Misha Kozik,mishadoff
Nandor Kracser,bonifaido
Robert Krahn,rksm
Justin Kramer,
Hugo Krawczyk,petitchatnoir
Max Kreminski,mkremins
Stas Krichevsky,stask
Krishna Krishnamaneni,
Thomas G. Kristensen,tgk
Paul Kristoff,
Karl Krukow,krucow
Christopher Kruse,ballpointcarrot
Ivan Kryvoruchko,gsnewmark
Mikhail Ksenzov,mksenzov
Kučera,kucerm2
Mitchel Kuijpers,mitchelkuijpers
Seçkin Kükrer,leavenha
Tomas Kulich,tomaskulich
Kiran Kulkarni,kiran
Ryohei Kumakiri,ark6
Shantanu Kumar,
Raghuveer Kumarakrishnan,raghuftw
Zhang Kun,azurezk
Ingo Kuper,RAMart
Antony Kuzmicicu,
Youndo Kwak,kwakbab
Alyssa Kwan,
Carmen La,lacarmen
Wayne LaBelle,
Robert Lachlan,Heffalump
Pieter Laeremans,plaeremans
Aaron James Lahey,aaronlahey
Paul Lam,Quantisan
Anthony LaMantia,w4ffles
Joseph Lane,magemasher
Michael Langford,landford
William Langstroth,
Dan Larkin,
Robin Larsson,R-Larsson
Olov Lassus,
Danijel Latin,dlatin
Von Latinski,von-latinski
Neil Laurance,toolkit
Karlis Lauva,skazhy
Oliver Lauzon,olauzon
James Laver,jjl
Eric Lavigne,
Elton Law,eltonlaw
Thom Lawrence,delver
Corin Lawson,au-phiware
Konstantin Lazarev,Le6ow5k1
David Leatherman,leathered
Sergei Lebedev,superbobry
Adam D. Lee,adamdavislee
Chee Sing Lee,cheesinglee
Justin Lee,jmlsf
Matthew Lee,thatismatt
Minsun Lee,dalzony
Thomas Lee,thomaslee
Young Lee,youngLeeNENU
Antoine Lefevre,antoineLefevre
Paul Legato,
Eric Le Goff,elegoff
Matt Lehman,mlehman
Malia Lehrer,mllehrer
Shuland Lei,gzmask
Josh Lemer,joshlemer
Milan Lempera,milanlempera
Rok Lenarcic,RokLenarcic
Jonathan Leonard,johanatan
Scott Leonard,scottwleonard
Greg Leppert,leppert
Carl Lerche,carllerche
Stephen Lester,slester
Robert P. Levy,rplevy
Alex Lew,alex-lew
Jason Lewis,canweriotnow
John Li,jli
Kanwei Li,kanwei
Minzhi Liao,liao02x
David Liebke,
David Liepmann,daveliepmann
Andreas Liljeqvist,bonega
August Lilleaas,
Joe Littlejohn,joelittlejohn
Marc Limotte,mlimotte
Henrik Lindberg,hlindberg
Eli Lindsey,elindsey
Logan Linn,loganlinn
Ernestas Lisauskas,ernestas
Joe Littlejohn,joelittlejohn
Jiacai Liu,jiacai2050
Roman Liutikov, roman01a
Nathan Lloyd,mangosmoothie
Pawel Loba,paszek
Joakin Lofgren,JoakinLofgren
Chris Lohfink,clohfink
Gregory Look,greglook
Ignacio Blasco Lopez,elnopintan
Leandro López,inkel
Jean Niklas L'orange,hyPiRion
Yanxiang Lou,louyx
Benjamin James Lovell,socksy
J. David Lowe,dlowe
Scott Lowe,scottlowe
Peter Lubell- Doughtie,pld
Rovanion Luckey,Rovanion
Craig Brent Ludington,
Simon Lutzelschwab,simonpure
Richard Lyman,richard-lyman
Kevin Lynagh,lynaghk
Daniel Lyons,
Tom Lyons,tbl3rd
Bryan Maass,escherize
Ben Mabey,bmabey
Elena Machkasova,elenam
Daemian John Farling Mack,daemianmack
Brian Maddy,bmaddy
Shaun Mahood,smahood
Christopher Maier,
Glen Mailer,glenjamin
Roman Makhlin,yokalona
Cristian Malinescu,Cristian-Malinescu
Alan Malloy,
Henrish Maluleka,henroid
Itay Maman,
Chester Mancini,chetmancini
Vedang Manerikar,
Max Jiayin Mao,jmao
Matthew Maravillas,
Tom Marble,
Michal Marczyk,
Jeff Marder,
Matthias C. Margush,matthias-margush
Mauricio Aldazosa Mariaca,mauricio aldazosa
Anthony Marcar,moocar
Zach Maril,zmaril
Daniel Marjenburgh,dmarjenburgh
Orestis Markou,orestis
Oliver Marshall,Akeboshiwind
Nuno Marques,nfma
Ken Marshall,kmarshall008
Jiri Marsik,jirkamarsik
Sebastien Martel,sebmartel
Raphael Martelles,
Olle Martensson,ollez
Jess Martin,jessmartin
Joel Martin,kanaka
Micah Martin,"slagyr, micahmartin"
Sahyden Martin,shadizzle
Juan Carlos Martinez-Ovando,jcmartinezovando
Juraj Martinka,jumarko
Pedro Iago Carvalho Martins,pjago
Nathan Marz,nathanmarz
Ogino Masanori,omasanori
Harrison Maseko,MasekoH
John Mastro,johnmastro
Nathan Matthews,N8DAWGRR
Kashchenko Maxim,mkaschenko
J. McConnell,j-dot
John E. McConnell,johnmcconnell
Chris McCormick,chr15m
Tim McCormack,
Jake McCrary,jakemcc
Ryan McCuaig,rgm
Ethan McCue,bowbahdoe
Jeffrey J. McCune,jeffmccune
Craig McDaniel,craigmcd
Craig McDaniel,cpmcdaniel
Ray McDermott,raymcdermott
Christopher McDevitt,minimal
John Alan McDonald,palisades-lakes
Ross McDonald,rossputin
Brighid McDonnell,brighid
Donovan McGillen,dmcgillen
Mark McGranaghan,mmcgrana
Rob McGuire-Dale,robatron
Robert McIntyre,"rlm, bortreb"
Reid McKenzie,arrdem
Jonathon McKitrick,j-mckitrick
Murphy McMahon,pandeiro
David McNeil,
Tony John McNeil,tony-john-mcneil
Andrew McVeigh,andrewmcveigh
Adrian Medina,aamedina
Christopher Meiklejohn,cmeiklejohn
Carin Meier,
Philipp Meier,ordnungswidrig
Johan Mena,jhn
Neil Menne,NeilMenne
Andrew s. Meredith,kendru
Benjamin C Meyer,
Evan Mezeske,emezeske
Kurt Miebach,kwmiebach
Karl Andrew Mikkelsen,karlmikko
Timo Mihaljov,noidi
Ivan Mikushin,imikushin
Brent Millare,bmillare
Adam Kenneth Miller,akmiller78
Alex Miller,puredanger
Blake Miller,blak3mill3r
David Miller,
Ethan Miller,ezmiller
Jimmy Miller,jimmyhmiller
Joshua Miller,joshuamiller
Mike T. Miller,mtm
Samuel Miller,kamn
Stephen Miner,miner
Sergey Miryanov,
Andrii Mishkovskyi,mishok13
Nachiketa Mishra,nmishra
Stuart Mitchell,stumitchell
Richard Mohn,moehn
Matthew James Molloy,whamtet
Nicola Mometto,bronsa
Michael Monette,mmonette
Dominic Monroe,SevereOverfl0w
Dan Montague,atstp
Antonio Nuno Monteiro,anmonteiro
Bhaskar Mookerji,mookerji
Deon Moolman,cmdrdats
Alan Moore,kahunamoore
Paul Mooser,
Oscar Morante,spacepluk
Shawn Morel,strangemonad
Adam J. Morgan,ajmorgan
Will Morgan,wwmorgan
Paudi Moriarty,
Rich Morin,RichMorin
Ralph Moritz,
Dmytro Morozov,erasmas
Nelson Morris,
Jacob Mortansen,jacobm
Simone Mosciatti,Siscia
Aedipa Moss,aedipamoss
Ben Moss,benmoss
Davie Moston,davie
Christopher Mowforth,m0wfo
Konrad Mrozek,mrroman
Priyatam Mudivarti,priyatam
Don Mullen,
Dominic Muller,domgetter
Thomas Patrick Mulvaney,thomasmulvaney
Marco Munizaga,MarcoPolo
Elliot Murphy,statik
Jason Murphy,jsonmurphy
Brendon John Muschamp,brendonjohn
Ramakrishnan Muthukrishnan,
Tim Myrtle,
Thurston Nabe,nomagic
Rafik Naccache,turbopape
Eli Naeher,enaeher
Ryotaro Nakamura,KazumaSATO
Hyunwoo Nam,namenu
Stanislas Nanchen,
Niklas Narhinen,nnarhinen
Nikhil Narula,nn2242
Ramsey Nasser,nasser
Dmitri Naumov,dnaumov
Muthukumaran Navaneethakrishnan,muthuishere
Jon Neale,jonneale
Kevin Neaton,neatonk
Ganesh Neelekani,ganeshneelekani
Or Neeman,oneeman
Matthias Nehlsen,matthiasn
Maria Neise,MNeise
Joubert Nel,
Alex Nelson,
Sam Neubardt,Samn
Ryan Neufeld,rkneufeld
John Michael Newman III,johnmn3
Richard Newman,
Matthew Newton,mnewt
An Nguyen,annguy3n
Michael Nguyen,lexwraith
Thomson Nguyen,itsthomson
Robert Nikander,rnikander
Marin Atanasov Nikolov,dnaeon
Ayato Nishimura,ayato0211
Micha Niskin,micha
Clinton Nixon,crnixon
Leo Noel,leonoel
David Nolen,
Marcelo Yuji Nomoto,mynomoto
Gavin-John Noonan,adulteratedjedi
Aron Nopanen,aroneous
Eric Normand,ericnormand
William Narmontas,ScalaWilliam
Jakub Nowak,mecolin
Christopher Nuernberger,cnuernber
Duarte Nunes,duartem
Tomasz Nurkiewicz,nurkiewicz
Kyle Nusbaum,knusbaum
Michael Nussbaum,mnussbaum
Nuttanart,visibletrap
Mark Nutter,manutter51
Bryce Nyeggen,fiatmoney
Michael Nygard,
Zachary S. Oakes,oakes
Chris Oakman,oakmac
Andrew Oberstar,ajoberstar
Jan Oberhagemann,
Robert O'Connor,robbyoconnor
Stefan Oestreicher,
Trent Ogren,misfo
Kent Ohashi,lagenorhynque
Lauri Oherd,laurio
Shogo Ohta,athos
Rory O'Kane,roryokane
Michael O'Keefe,michael-okeefe
David O'Meara,davidomeara
Marc O'Morain,marcomorain
Russ Olsen,
Joshua Olsen,MrMormon
Jim Oly,
Akito Ono,ak1t0
OPGeorge,olivergeorge
Chris Opperwall,copperwall
Matt Oquist,moquist
Jarkko Oranen,Chousuke
James Orchard-Hays,
Alex Osborne,ato
Alex Ott,alexott
Erik Ouchterlony,ejlo
Nicolas Oury,
Florian Over,FlorianO
Ustun Ozgur,ustunozgur
Sung Pae,guns
PaGrom,PaGrom
Jeff Palmucci,jpalmucci
Jinyu Pan,swimablefish
Bruno Panasiewicz,ciuak
Thai Pangsakulyanont,dtinth
Pankaj,metacritical
Niranjan Paranjape,achamian
Thonghee Park,
Shaun Parker,shaunparker
Paavo Parkkinen,pparkkin
Andy S. Parsons,andyparsons
Achim Passen,
Bolaram Paul,bolaram
Chris Paul,cmpaul
Jestine Paul,jestinepaul
Anna Pawlicka,apawlicka
Sherman Pay,shermpay
Wesley N. Payne,wnpayne
Marc Peabody,marcpeabody
Wouter Peers,wopeers
Joris Peeters,jmgpeeters
Mike Pence,mikepence
Mike Penckert,felbit
Michael D. Pendergrass,mdpendergrass
Maximilien Penet,mpenet
Ted Pennings,ted pennings / thesleepyvegan
Jason Pepas,cellularmitosis
Vitaly Peressada,vitalyper
Eduardo Emilio Julian Pereyra,
Nikola Peric,nikolap
Chris Perkins,
Anurag Peshne,anuragpeshne
Lauri Pesonen,liwp
J. Matt Peterson,jmatt
Michael Peterson,
Laurent Petit,
Christopher Petrilli,
Robert Pfeiffer,tarquinius
Daniel Phelps,
Douglas Philips,
Ian Phillips,ianp
Jonathan Phillips,
Matthew Phillips,scramjet
Nguyen Duc Phong,goodwind89
Phong,edwastone
Phongphan Phuttha,phongphan
Brian Picciano,mediocregopher
Olli Piepponen,Luxbock
Ivan Pierre,ivanpierre
Chris Pickard,ChrisPickard
Dimitrios Piliouras,jimpil
Robert Pitts,rbxbx
Hendrik Poernama,poernahi
Jannis Pohlmann,jannis
David Pollack,dpp
Camilo Polymeris,polymeris
Tim Pope,tpope
John Poplett,John-Poplett
Cesar Bolanos Portilla,cesarbp
"Gerbrand ""Gary"" Poster IV",gary-poster
Timothy Pote,otetm
Philip Potter,ppotter
David Powell,
Oliver Powell,greywolve
James M Powers,
Nikhil Prabhakar,
Prakash,prakash23
Timothy Pratley,
Luc Prefontaine,lprefontaine
Chris Price,cprice404
Romain Primet,rprimet
Nivedita Priyadarshini,nid90
Nikita Prokopov,tonsky
Dennis Proksch,MemoWalk
Neil Prosser,neilprosser
Rhodri Pugh,rodnaph
Joonas Pulakka,
Cameron Pulsford,
Stephen Purcell,
Geoffrey Purdy,GeoffPurdy
Tienson Qin,tiensonqin
Fu Yong Quah,fyquah95
Quach Ngoc Quang,quangquach
Zubair Quraishi,zubairq
Sameer Rahmani,lxsameer
Drew Raines,"drewr, mtndrew0"
R U Naresh Raju,meumanaresh
Benjamin Ran,benjaminran
Roger E. Randall II,randre03
Shawn Rasheed,unshorn
Neha Rastogi,neharastogi093
Amit Rathore,
Andre Rauh,rauhs
David Ray,daveray
Atharva Raykar,tfidfwastaken
Lee Read,lread
Reno Reckling,exi
Abhishek Reddy,arbscht
Milton J Reder,milt
Christopher Redinger,
Alex Redington,
James Reeves,weavejester
Mihir Rege,geremih
Aviad Reich,aviad
Herald Reierskog,uosl
Tommi Reiman,ikitommi
Daniel Renfer,duck1123
Matt Revelle,mattrepl
Brendan Ribera,abscondment
Alen Ribic,billdozr
Stephen Ribich,nulliel
Norman Richards,normanrichards
Tim Richardt,timrichardt
Andrea Richiardi,arichiardi
Daniel Richman,ddrichman
Eric Richmond,erichmond
Tim Riddell,
Christopher Riddoch,
Owen Riddy,owenRiddy
Seth Rider,thumbquat
Rafael Rinaldi,rafaelrinaldi
Brandon Ringe,bpringe
Jim Riordan,j1mr10rd4n
Samuel Ritchie,
Ralph Ritoch,rritoch
Pierre-Yves Ritschard,
William Robertson,billrobertson42
Cliff Rodgers,kliph
Thomas Rodgers,
Richard Roe,rroe
William Roe,wjlroe
Sam Roelants,sroelants
Roeland,roelandoosterloo
Collin Rogowski,qollin
Allen Rohner,arohner
Marco Rolappe,mrolappe
Christian Romney,christianromney
Andrew Rosa,andrewhr
Jeff Rose,rosejn
Sean Ross,
Ales Roubicek,rarous
Tchavdar Roussanov,
Darren Ruane,DarrenRuane
Yoav Rubin,yoavrubin
Brian J. Rubinton,brianru
Tavis Rudd,tavisrudd
Jason Rudolph,jasonrudolph
Edward Ruggeri,ruggeri
Jose Antonio Ortega Ruiz,jao
David Rupp,
Chance Russell,chancerussell
Patrick Ryan,phiat
Peter Ryan,
Jan Rychter,
Jeff Sack,
Daniel Sada,danielsada
Roland Sadowski,fyuryu
Alexander Salamatnikov,fmnoise
Alan Salewski,salewski
Michel Salim,
Steve Salkin,sls
Adrian Sampaleanu,asampal
Jason Samsa,
Lee Pau San,leepausan
Timo Joachim Sand,deiga
Taylor Sando,taylorSando
Park Sang-Kyu,guruma
Jason Sankey,
Dave Sann,davesann
David Santiago,
Joseph Santos,joridos
Fabio Santschi,hokkaido
Jeff Sapp,
David Sargeant,dubiousdavid
Nathan Sashihara,nsashihara@princeton.com
Michael Sassak,msassak
Cam Saul,camsaul
Christoffer Sawicki,gerub
Jacek Schae,jacekschae
Mat Schaffer,matschaffer
Michael Scheinholtz,
Kurt Schelfthout,
Roman Scherer,roman jira
Samuel Jacob Schetterer,schets
Daniel R Schlegel,digitalneoplasm
Gregory Schlomoff,gregschlom
Adam Schmideg,adamschmideg
Albrecht Schmidt,iamdrowsy
Karsten Schmidt,toxi
John Schmidt,schmee
Ralf Schmitt,schmir
Eric Schoonover,spoon16
Thomas Schranz,tosh
Silvia Schreier,saivlis
Dennis Schridde,devurandom
Seth Schroeder,
Robin Schroer,sulami
Marian Schubert,maio
Peter Schuck,spinningtopsofdoom
Peter Schuller,
Bobby Schultz,puppybits
K E Schulze,keithschulze
Maik Schünemann,mschuene
Rainer Schuster,schuster-rainer
Peter J. Schwarz,peterschwarz
David Siefert,davidsiefert
Aleksander Simić,dotemacs
Søren Sjørup,zoren
Carlo Sciolla,skuro
Aaron Scott,
Dylan Scott,dylanscott
Gregory S. Seaton,gseaton
Jeremy R. Sellars,jeremyrsellars
Mourjo Sen,mourjo
Karim Senhaji,kimsnj
Ryan Senior,
Rodrigo Dias Arruda Senra,rodsenra
Kwang Yul Seo,kseo
Reut Sharabani,reutsharabani
John Shaffer,john-shaffer
Smit Shah,Who828
Zhanlin Shang,Z-Shang
Rupa Shankar,RUPSS
Geoff Shannon,RadicalZephyr
Daniel Shapero,danshapero
Yehonathan Sharvit,viebel
Drew Shaw,ds923y
Ghadi Shayban,
Christopher Shea,
Zane Shelby,zane
Andy Sheldon,asheldo
Christopher Shelley,basiclaser
Jeremy Sherman,jeremy-w
Joe Shidel,shidel-dev
Patrick Shields,
Jose Pablo Fernandez Silva,pupeno
Filipe Silva,filipesilva
Howard Lewis Ship,hlship
Jeremy Shoemaker,codingkoi
Sean Shubin,
Oleksandr Shyshko,oshyshko
Joseph Siddall,jbsiddall
Inderbir Sidhu,bcisidhu
Frank Siebenlist,
Stuart Sierra,
Peter Siewert,cninja
Hloover Sigurosson,hlolli
Ben Sima,bsima
David Simons,SwamWithTurtles
Anthony L. Simpson,
Mark Simpson,verdammelt
Chris Sims,jcsims
Narayan Singhal,
David Sison,thoughtmanifest
Daniel Škarda,danskarda
Brandon Skinner,brandon-m-skinner
Isak Sky,isaksky
Christopher T. Small,metasoarous
Griffin Smith,glittershark
Jennifer Smith,jennifersmith
Joseph Smith,solussd
Jonathan Smith,
Justin Glenn Smith,noisesmith
Matthew O. Smith,m0smith
Nathaniel Smith,nwjsmith
Radford Smith,rads
Ben Smith-Mannschott,
Joseph J Snickeris,jsnickeris
Jerry Snitselaar,snits
Paul L. Snyder,pataprogramming
Renata Soares dos Santos,renatasoares
Frantisek Sodomka,fsodomka
Erik Soehnel,hoeck
Daniel Solano Gómez,sattvik
James Tyler Solomon,uwo
Kevin Solorio,ksolo
Alexander Solovyov,piranha
Maksim Soltan,Gonzih
William Sommers,will-sommers
Dmitri Sotnikov,yogthos
Kevin Sookocheff,soofaloofa
Nathan Sorenson,
Aleksandr Sorokoumov,Gerrrr
Dmitri Sotnikov,yogthos
Rafal Spacjer,rspacjer
Stephen Spalding,fotoetienne
Malcolm Sparks,malcolmsparks
Rangel Spasov,raspasov
Justin Spedding,justinspedding
Cort Spellman,spellman
Thomas Spellman,thosmos
Christopher Spencer,cspencer
Michael Sperber,active-group
Marcus Spiegel,malesch
Spinu,vspinu
Marek Srank,Mnicky
Ramko Sredojevic,radoye
Akhilesh Srikanth,akhileshs
Srihari Sriraman,ssrihari
Scott Stackelhouse,scottstackelhouse
Paul Stadig,
Alex Stangl,astangl
Aleksander Madland Stapnes,madstap
Yulia Startsev,ioctaptceb
Larry Staton Jr.,statonjr
Mitchell Steed,MitchSteed
Jacob Stein,jakestein
Cosmin Stejerean,
Peter Stephens,pstephens
Immanuel Sterzik,immist
John Stevenson,jr0cket
Eric Stewart,ericstewart
Daniel Stockton,danielstockton
Bodil Stokke,bodil
John Stoneham,
Vincent Storme,vincentstorme
Chad Stovern,chadhs
Nola Stowe,rubygeek
Alf Kristian Støyle,stoyle
Tristan Strange,triss
Jefrey Straszheim,
Stephen Striplin,arsenerei
Robert Stuttaford,
Gijs Stuurman,thegeez
Carl X. Su,bcbcarl
Steven Suehs,skelter
John Sullivan,JackSullivan
Geoffry Sumter,geoffrys
Ning Sun,sunng87
Daniel Sunnerek,kardan
Daniel Sutton,dpsutton
Magnar Sveen,magnars
Rasmus Svensson,raek
Ivan Sviatenko,pobivan
Neale Swinnerton,sw1nn
Julian Sy,syjulian
Ghufran Syed,ghufransyed
Gordon Syme,gordonsyme
Egg (Davis) Syntax,eggsyntax
Juha Syrjälä,jsyrjala
Marten Sytema,Kah0ona
Tamas Szabo,sztamas
John Szakmeister,
Raf Szalanski,szalansky
Daniel Szmulewicz,danielsz
Ketan Tada,kvtada
Alex Taggart,
Tyler Tallman,
Levi R. I. Tan Ong,levitanong
Wei Tang,sorpaas
Peter Taoussanis,PTaoussanis
Davide Taviani,Heliosmaster
Brian Taylor,netguy204
Chad Taylor,tessellator
Colin Taylor,coltnz
Miki Tebeka,
Ian Tegebo,itegebo
Zachary Tellman,
Sven Tennie,supersven
Juho Teperi,Deraen
Jeff Terrell,kyptin
Alex ter Weele,aterweele
Benjamin Teuber,
Dale Thatcher,dalethatcher
Srinivas Reddy Thatiparthy,srinivasreddy
Andreas Tholke,andreasthoelke
Scott Thoman,thorstt
Justin Thomas,base698
Randall Thomas,evilmartini
Alan Thompson,catalan42 and cloojure
Oskar Thorén,Oskarth
Thormelk,thormelk
Eric Thorsen,EricThorsen
Travis Thieman,tthieman
Shi Tianshu,DogLooksGood
Joshua Tilles,mereleyapseudonym
Yegor Timoshenko,yegortimoshenko
Justin Tirrell,jjttjj
Ackerly Tng,ackerleytng
Robert W. Tolbert,
David Tolpin,dtolpin
Steven Tomcavage,stomcavage
Lubos Tomsa,func-info
David Tonhofer,dtonhofer
Marko Topolnik,mtopolnik
Laszlo Török,LACZOKA
Devin Alexander Torres,devinus
"Grigory ""Gary"" Trakhman",gtrak
Jonathan Tran,
Marc-Andre Tremblay,marcterm
Jose V. Trigueros,jvtrigueros
Perry Trolard,trolard
Chris Truter,crisptrutski
Benny Tsai,bitsai
Vladimir Tsanev,tsachev
Edward Tsech,edtsech
Giorgos Tsiftsis,chief
Tatsuya Tsuda,otabat
Fabio Tudone,circlespainter
J. Chris Turner,BestFriendChris
Emrehan Tuzun,emrehan
Arthur Ulfeldt,
Moritz Ulrich,the-kenny
Sam Umbach,
Leonardo Urbina,leourbina
Anthony Urena,anthgur
Travis Vachon,
Keyhan Vakil,kvakil
Matthew Valdez,mjvaldez
John Valente,johnv02139
Jeff Valk,jeffvalk
Luke VanderHart,
Walter Van Der Laan,
Tom van der Sommen,tomvdsom
Jeroen van Dijk,jeroenvandijk
Toni Vanhala,tonivanhala
Cees Van Kemenade,cvkem
Geert Van Laethem,geertvl
Pieter van Prooijen,pieter-van-prooijen
Klaus van Schelven,vanschelven
Tim Van Steenburgh,tvansteenburgh
D van Tonder,daneelvt
Remco van't Veer,rwvtveer
Gerrit Jansen Van Vuuren,gerritjvv
Bill Vanyo,billvanyo
veera,veera83372
David Velez,velez
Gary Verhaegen,gaverhae
Prayag Verma,pra85
Christopher K. Vermilion,cvermilion
Ryan Verner,ryanzverner
Seth Verrinder,sethev
Constantine Vetoshev,gcv
Max Veytsman,mveytsman
Magyari Viktor,moxaj
Villard,teawaterwire
Pavlos Vinieratos,pvinis
Francisco Viramontes,Kidpollo
Tim Visher,timvisher
Simon Vocella,voxsim
Nick Vrvilo,DaoWen
Harley Waagmeester,HarleyWaagmeester
Anil Wadghule,anildigital
Valentin Waeselynck,vvvvalvalval
andre Wagner,aw7
Jozef Wagner,wagjo
Adnan Wahab,King-of-Spain
Akhil Wali,darth10
John Walker,johnwalker
Joshua Walker,joshwalker9115
Jason Walsh,jwalsh
Devin Walters,defn
Matthew Wampler-Doty,xcthulhu
Frank Wang,ProjectFrank
Lei Wang,
Greg Warner,gdw2
Timothy J. Washington,twashing
Rainer Wasserfuhr,wasserfuhr
Edwin H. Watkeys III,edw
Mark Watson,mkwatson
Ben Weaver,weaver
Brian Weber,
Kevin Webster,rabidpraxis
Julian Wegkamp,julianwegkamp
Philip John Weir,weirp
Jeffrey Weiss,jweiss
Crispin Wellington,retrogradeorbit
Yang Wenjie,mrmiywj
Trevor Wennblom,trevor
Jesse Wertheim,jaawerth
Blake West,bwest87
Matthew West,MatthewWest
Peter West,numinasthmatic
Joel Westerberg,sunkencity
Kaylen Wheeler,JvJ
Mark Whelan,mrwhelan
Russell Whitaker,russellwhitaker
Ryan White,riaandewit
Jason Whitlark,jwhitlark
David Whittington,
Ivan Wick,ivanwick
Oskar Wickstom,owickstrom
Henry Widd,henryw374
Darrick Wiebe,pangloss
Lucas Wiener,wnr
Nate Wildermuth,wildermuthin
Joseph Wilk,josephwilk
Ivan Willig,iwillig
Colin Williams,lackita
John Williams,
Shaun Williams,shaunlebron
Chris Wilson,
Ryan Wilson,rwilson
Joel Wilsson,wjoel
Guillermo Winkler,Guilespi
Jenan Wise,jenanwise
John Wiseman,wiseman
Toralf Wittner,
wmseddon,mseddon
Karol Wójcik,FieryCod
Daniel Woelfel,dwwoelfel
Jason Wolfe,
Francis Wolke,
Juvenn Woo,juvenn
Taylor Wood,taylorwood
Kevin Woram,kworam
Michael A. Wright,wrightmikea
Andreas Wurzer,andeee
Zhuang XiaoDan,killme2008
Di Xu,xudifsd
James Xu,xumingming
Alexander Yakushev,alexander-yakushev
Minori Yamashita,ympbyc
Hongseok Yang,hongseok-yang
Huahai Yang,huahaiy
Tsutomu Yano,tyano
Jingguo Yao,jingguo
David J. Yarwood,daveyarwood
Benjamin Yelsey,byels
Lee Yen-Chin,coldnew
Jason Yeo,jsyeo
Steven Yi,kunstmusik
Nathaniel Young,
Brennon York,brennonyork
Yifeng Yu,tylaar
Seth Yuan,sethyuan
Miles Yucht,mgyucht
Yunkai,clojurix
Stanislav Yurin,juskrey
Hu Yuxuan,piotr-yuxuan
Daniel Zacarias,dzacarias
Nathan Zadoks,nathan7
Nicholas Zaleski,nzaleski
Carlo Zancanaro,czan
Michael Zavarella,admay
Andrey Zaytsev,zajac
Nick Zbinden,nickik
Guangyu Zhang,zguangyu0000
Sergey Zharinov,zharinov
Jihui Zheng,zjhmale
Xiamgyu Zheng,zxygentoo
zhihong zhang,jiyouyou125
Michael Zhou,Dominator008
zuohong zhou,SuperStevenZ
Rob Zumwalt,rzoom
Greg Zuro,gregzuro
Piotr Zygielo,pzygielo
